s1,s2,Re(z_ibc3.tm),Im(z_ibc3.tm),Abs(z_ibc3.tm),Arg(z_ibc3.tm),Re(z_ibc3.te),Im(z_ibc3.te),Abs(z_ibc3.te),Arg(z_ibc3.te)
+0.00000000E+00,+0.00000000E+00,-2.27805558E-18,+1.16683614E+00,+1.16683614E+00,+1.57079633E+00,-2.27805558E-18,+1.16683614E+00,+1.16683614E+00,+1.57079633E+00
+9.08827649E-01,+0.00000000E+00,+6.14946186E-18,+3.84391599E-01,+3.84391599E-01,+1.57079633E+00,-3.98150726E-16,+1.27994225E+00,+1.27994225E+00,+1.57079633E+00
+1.81765530E+00,+0.00000000E+00,+6.60891332E-17,+3.35736903E-02,+3.35736903E-02,+1.57079633E+00,-4.62558964E-16,+7.42668261E-01,+7.42668261E-01,+1.57079633E+00
