s1,s2,Re(z_ibc6.11),Im(z_ibc6.11),Abs(z_ibc6.11),Arg(z_ibc6.11),Re(z_ibc6.21),Im(z_ibc6.21),Abs(z_ibc6.21),Arg(z_ibc6.21),Re(z_ibc6.12),Im(z_ibc6.12),Abs(z_ibc6.12),Arg(z_ibc6.12),Re(z_ibc6.22),Im(z_ibc6.22),Abs(z_ibc6.22),Arg(z_ibc6.22)
+0.00000000E+00,+0.00000000E+00,-4.32515792E-16,+5.91676451E-01,+5.91676451E-01,+1.57079633E+00,+0.00000000E+00,+0.00000000E+00,+0.00000000E+00,+0.00000000E+00,+0.00000000E+00,+0.00000000E+00,+0.00000000E+00,+0.00000000E+00,+1.88625649E-15,+1.74199583E+00,+1.74199583E+00,+1.57079633E+00
+9.08827649E-01,+0.00000000E+00,+6.62608630E-17,+3.84391599E-01,+3.84391599E-01,+1.57079633E+00,+0.00000000E+00,+0.00000000E+00,+0.00000000E+00,+0.00000000E+00,+0.00000000E+00,+0.00000000E+00,+0.00000000E+00,+0.00000000E+00,-6.90562708E-16,+1.27994225E+00,+1.27994225E+00,+1.57079633E+00
+1.81765530E+00,+0.00000000E+00,+9.70247662E-17,+3.35736903E-02,+3.35736903E-02,+1.57079633E+00,+0.00000000E+00,+0.00000000E+00,+0.00000000E+00,+0.00000000E+00,+0.00000000E+00,+0.00000000E+00,+0.00000000E+00,+0.00000000E+00,-5.17836511E-16,+7.42668261E-01,+7.42668261E-01,+1.57079633E+00
