s,n,Re(f_ibc3.tm),Im(f_ibc3.tm),Abs(f_ibc3.tm),Arg(f_ibc3.tm),Re(f_ibc3.te),Im(f_ibc3.te),Abs(f_ibc3.te),Arg(f_ibc3.te)
+0.00000000E+00,+0.00000000E+00,-7.91209418E-01,+4.06444430E-01,+8.89499532E-01,+2.66704506E+00,-1.47100664E-01,-3.54206237E-01,+3.83537044E-01,-1.96441953E+00
+0.00000000E+00,+1.00000000E+00,-3.24501021E-03,+5.68724900E-02,+5.69649910E-02,+1.62779217E+00,-4.44314010E-01,-4.96889395E-01,+6.66568834E-01,-2.30039273E+00
+0.00000000E+00,+2.00000000E+00,-1.01905260E-04,-1.00942991E-02,+1.00948135E-02,-1.58089131E+00,-1.47844109E-02,-1.20688989E-01,+1.21591163E-01,-1.69268911E+00
