s1,s2,Re(z_ibc0.tm),Im(z_ibc0.tm),Abs(z_ibc0.tm),Arg(z_ibc0.tm),Re(z_ibc0.te),Im(z_ibc0.te),Abs(z_ibc0.te),Arg(z_ibc0.te)
+0.00000000E+00,+0.00000000E+00,-2.27805558E-18,+1.16683614E+00,+1.16683614E+00,+1.57079633E+00,-2.27805558E-18,+1.16683614E+00,+1.16683614E+00,+1.57079633E+00
+9.08827649E-01,+0.00000000E+00,-2.27805558E-18,+1.16683614E+00,+1.16683614E+00,+1.57079633E+00,-2.27805558E-18,+1.16683614E+00,+1.16683614E+00,+1.57079633E+00
+1.81765530E+00,+0.00000000E+00,-2.27805558E-18,+1.16683614E+00,+1.16683614E+00,+1.57079633E+00,-2.27805558E-18,+1.16683614E+00,+1.16683614E+00,+1.57079633E+00
