s1,s2,Re(z_ex.tm),Im(z_ex.tm),Abs(z_ex.tm),Arg(z_ex.tm),Re(z_ex.te),Im(z_ex.te),Abs(z_ex.te),Arg(z_ex.te)
+0.00000000E+00,+0.00000000E+00,-4.81807769E-16,+5.91676451E-01,+5.91676451E-01,+1.57079633E+00,+1.83487403E-15,+1.74199583E+00,+1.74199583E+00,+1.57079633E+00
+9.08827649E-01,+0.00000000E+00,-2.71920274E-17,+3.84391599E-01,+3.84391599E-01,+1.57079633E+00,-7.13353790E-16,+1.27994225E+00,+1.27994225E+00,+1.57079633E+00
+1.81765530E+00,+0.00000000E+00,+1.00904992E-16,+3.35736903E-02,+3.35736903E-02,+1.57079633E+00,-5.20466284E-16,+7.42668261E-01,+7.42668261E-01,+1.57079633E+00
