s1,s2,Re(z_ibc3.tm),Im(z_ibc3.tm),Abs(z_ibc3.tm),Arg(z_ibc3.tm),Re(z_ibc3.te),Im(z_ibc3.te),Abs(z_ibc3.te),Arg(z_ibc3.te)
+0.00000000E+00,+0.00000000E+00,-8.56917675E-17,+7.68534831E-01,+7.68534831E-01,+1.57079633E+00,-8.56917675E-17,+7.68534831E-01,+7.68534831E-01,+1.57079633E+00
+9.08827649E-01,+0.00000000E+00,+9.16518327E-17,+3.84391599E-01,+3.84391599E-01,+1.57079633E+00,-1.11343209E-15,+1.27994225E+00,+1.27994225E+00,+1.57079633E+00
+1.81765530E+00,+0.00000000E+00,+7.64773003E-17,+3.35736903E-02,+3.35736903E-02,+1.57079633E+00,-5.20695106E-16,+7.42668261E-01,+7.42668261E-01,+1.57079633E+00
